{
  "activate": {
    "sounds": [
      "suit/activate"
  ],
    "category": "player"
  },
  "activate2": {
    "sounds": [
      "suit/activate2"
  ],
    "category": "player"
  },
  "bat_swarm": {
    "sounds": [
      "suit/bat_swarm"
  ],
    "category": "player"
  },
  "beam_loop": {
    "sounds": [
      "suit/beam_loop"
  ],
    "category": "player"
  },
  "beam_start": {
    "sounds": [
      "suit/beam_start"
  ],
    "category": "player"
  },
  "beam_stop": {
    "sounds": [
      "suit/beam_stop"
  ],
    "category": "player"
  },
  "beam3": {
    "sounds": [
      "suit/beam3"
  ],
    "category": "player"
  },
  "beast_transform": {
    "sounds": [
      "suit/beast_transform"
  ],
    "category": "player"
  },
  "bite": {
    "sounds": [
      "suit/bite"
  ],
    "category": "player"
  },
  "blade_activate": {
    "sounds": [
      "suit/blade_activate"
  ],
    "category": "player"
  },
  "blood_beam_start": {
    "sounds": [
      "suit/blood_beam_start"
  ],
    "category": "player"
  },
  "blood_beam": {
    "sounds": [
      "suit/blood_beam"
  ],
    "category": "player"
  },
  "bolt": {
    "sounds": [
      "suit/bolt"
  ],
    "category": "player"
  },
  "croc_roar": {
    "sounds": [
      "suit/croc_roar"
  ],
    "category": "player"
  },
  "deactivate": {
    "sounds": [
      "suit/deactivate"
  ],
    "category": "player"
  },
  "dino_bite": {
    "sounds": [
      "suit/dino_bite"
  ],
    "category": "player"
  },
  "electro_beam": {
    "sounds": [
      "suit/electro_beam"
  ],
    "category": "player"
  },
  "energy_activate": {
    "sounds": [
      "suit/energy_activate"
  ],
    "category": "player"
  },
  "equip_diamond1": {
    "sounds": [
      "suit/equip_diamond1"
  ],
    "category": "player"
  },
  "fish_swarm": {
    "sounds": [
      "suit/fish_swarm"
  ],
    "category": "player"
  },
  "freeze_breathe": {
    "sounds": [
      "suit/freeze_breathe"
  ],
    "category": "player"
  },
  "freeze_loop": {
    "sounds": [
      "suit/freeze_loop"
  ],
    "category": "player"
  },
  "freeze": {
    "sounds": [
      "suit/freeze"
  ],
    "category": "player"
  },
  "grapple_attatch": {
    "sounds": [
      "suit/grapple_attatch"
  ],
    "category": "player"
  },
  "grapple_fire": {
    "sounds": [
      "suit/grapple_fire"
  ],
    "category": "player"
  },
  "growl": {
    "sounds": [
      "suit/growl"
  ],
    "category": "player"
  },
  "hiss": {
    "sounds": [
      "suit/hiss"
  ],
    "category": "player"
  },
  "hornet_activate": {
    "sounds": [
      "suit/hornet_activate"
  ],
    "category": "player"
  },
  "hornet_fly_loop": {
    "sounds": [
      "suit/hornet_fly_loop"
  ],
    "category": "player"
  },
  "horse": {
    "sounds": [
      "suit/horse"
  ],
    "category": "player"
  },
  "ice_breathe_stop": {
    "sounds": [
      "suit/ice_breathe_stop"
  ],
    "category": "player"
  },
  "ice_breathe": {
    "sounds": [
      "suit/ice_breathe"
  ],
    "category": "player"
  },
  "inhale": {
    "sounds": [
      "suit/inhale"
  ],
    "category": "player"
  },
  "jackhammer_loop": {
    "sounds": [
      "suit/jackhammer_loop"
  ],
    "category": "player"
  },
  "lazer": {
    "sounds": [
      "suit/lazer"
  ],
    "category": "player"
  },
  "man_scream": {
    "sounds": [
      "suit/man_scream"
  ],
    "category": "player"
  },
  "mech_activate": {
    "sounds": [
      "suit/mech_activate"
  ],
    "category": "player"
  },
  "meow": {
    "sounds": [
      "suit/meow"
  ],
    "category": "player"
  },
  "mind_beam_loop": {
    "sounds": [
      "suit/mind_beam_loop"
  ],
    "category": "player"
  },
  "purr": {
    "sounds": [
      "suit/purr"
  ],
    "category": "player"
  },
  "raven": {
    "sounds": [
      "suit/raven"
  ],
    "category": "player"
  },
  "shield_loop": {
    "sounds": [
      "suit/shield_loop"
  ],
    "category": "player"
  },
  "splash": {
    "sounds": [
      "suit/splash"
  ],
    "category": "player"
  },
  "thunderclap": {
    "sounds": [
      "suit/thunderclap"
  ],
    "category": "player"
  },
  "underwater": {
    "sounds": [
      "suit/underwater"
  ],
    "category": "player"
  },
  "unfreeze": {
    "sounds": [
      "suit/ice_breathe"
  ],
    "category": "player"
  },
  "water_beam_loop": {
    "sounds": [
      "suit/water_beam_loop"
  ],
    "category": "player"
  },
  "water_start": {
    "sounds": [
      "suit/water_start"
  ],
    "category": "player"
  },
  "waves": {
    "sounds": [
      "suit/waves"
  ],
    "category": "player"
  },
  "wing_flight_loop": {
    "sounds": [
      "suit/wing_flight_loop"
  ],
    "category": "player"
  },
  "wing_flight_start": {
    "sounds": [
      "suit/wing_flight_start"
  ],
    "category": "player"
  },
  "wingflap_start": {
    "sounds": [
      "suit/wingflap_start"
  ],
    "category": "player"
  },
  "wingflap": {
    "sounds": [
      "suit/wingflap"
  ],
    "category": "player"
  }
}