{
  "beam.loop": {
    "sounds": [
      "beam_loop"
  ],
    "category": "player"
  },
  "attack.loop": {
    "sounds": [
      "attack_loop"
  ],
    "category": "player"
  },
  "bat.swarm": {
    "sounds": [
      "bat_swarm"
  ],
    "category": "player"
  },
  "charge.electric": {
    "sounds": [
      "charge_electric"
  ],
    "category": "player"
  },
  "energy.activate": {
    "sounds": [
      "energy_activate"
  ],
    "category": "player"
  },
  "equip.diamond1": {
    "sounds": [
      "equip_diamond1"
  ],
    "category": "player"
  },
  "fire.beam.loop": {
    "sounds": [
      "fire_beam_loop"
  ],
    "category": "player"
  },
  "grapple.attatch": {
    "sounds": [
      "grapple_attatch"
  ],
    "category": "player"
  },
  "grapple.fire": {
    "sounds": [
      "grapple_fire"
  ],
    "category": "player"
  },
  "ice.beam.loop": {
    "sounds": [
      "ice_beam_loop"
  ],
    "category": "player"
  },
  "ice.breathe": {
    "sounds": [
      "ice_breathe"
  ],
    "category": "player"
  },
  "mind.beam.loop": {
    "sounds": [
      "mind_beam_loop"
  ],
    "category": "player"
  }
}