{
  "activate": {
    "sounds": [
      "suit/activate"
  ],
    "category": "player"
  },
  "activate2": {
    "sounds": [
      "suit/activate2"
  ],
    "category": "player"
  },
  "bat_swarm": {
    "sounds": [
      "suit/bat_swarm"
  ],
    "category": "player"
  },
  "beam_loop": {
    "sounds": [
      "suit/beam_loop"
  ],
    "category": "player"
  },
  "beam_start": {
    "sounds": [
      "suit/beam_start"
  ],
    "category": "player"
  },
  "beam_stop": {
    "sounds": [
      "suit/beam_stop"
  ],
    "category": "player"
  },
  "beam3": {
    "sounds": [
      "suit/beam3"
  ],
    "category": "player"
  },
  "beast_transform": {
    "sounds": [
      "suit/beast_transform"
  ],
    "category": "player"
  },
  "big_step_left": {
    "sounds": [
      "suit/big_step_left"
  ],
    "category": "player"
  },
  "big_step_right": {
    "sounds": [
      "suit/big_step_right"
  ],
    "category": "player"
  },
  "bite": {
    "sounds": [
      "suit/bite"
  ],
    "category": "player"
  },
  "blade_activate": {
    "sounds": [
      "suit/blade_activate"
  ],
    "category": "player"
  },
  "blood_beam_start": {
    "sounds": [
      "suit/blood_beam_start"
  ],
    "category": "player"
  },
  "blood_beam": {
    "sounds": [
      "suit/blood_beam"
  ],
    "category": "player"
  },
  "bolt": {
    "sounds": [
      "suit/bolt"
  ],
    "category": "player"
  },
  "bones": {
    "sounds": [
      "suit/bones"
  ],
    "category": "player"
  },
  "burning": {
    "sounds": [
      "suit/burning"
  ],
    "category": "player"
  },
  "cheetah": {
    "sounds": [
      "suit/cheetah"
  ],
    "category": "player"
  },
  "croc_roar": {
    "sounds": [
      "suit/croc_roar"
  ],
    "category": "player"
  },
  "deactivate": {
    "sounds": [
      "suit/deactivate"
  ],
    "category": "player"
  },
  "dino_bite": {
    "sounds": [
      "suit/dino_bite"
  ],
    "category": "player"
  },
  "dino_grunt": {
    "sounds": [
      "suit/dino_grunt"
  ],
    "category": "player"
  },
  "dino_herb": {
    "sounds": [
      "suit/dino_herb"
  ],
    "category": "player"
  },
  "dorime": {
    "sounds": [
      "suit/dorime"
  ],
    "category": "player"
  },
  "echo": {
    "sounds": [
      "suit/echo"
  ],
    "category": "player"
  },
  "electro_beam": {
    "sounds": [
      "suit/electro_beam"
  ],
    "category": "player"
  },
  "electro_loop": {
    "sounds": [
      "suit/electro_loop"
  ],
    "category": "player"
  },
  "electro_start": {
    "sounds": [
      "suit/electro_start"
  ],
    "category": "player"
  },
  "energy_activate": {
    "sounds": [
      "suit/energy_activate"
  ],
    "category": "player"
  },
  "equip_diamond1": {
    "sounds": [
      "suit/equip_diamond1"
  ],
    "category": "player"
  },
  "fire_beam": {
    "sounds": [
      "suit/fire_beam"
  ],
    "category": "player"
  },
  "fish_swarm": {
    "sounds": [
      "suit/fish_swarm"
  ],
    "category": "player"
  },
  "flame_off": {
    "sounds": [
      "suit/flame_off"
  ],
    "category": "player"
  },
  "freeze_breathe": {
    "sounds": [
      "suit/freeze_breathe"
  ],
    "category": "player"
  },
  "freeze_loop": {
    "sounds": [
      "suit/freeze_loop"
  ],
    "category": "player"
  },
  "freeze": {
    "sounds": [
      "suit/freeze"
  ],
    "category": "player"
  },
  "grapple_attatch": {
    "sounds": [
      "suit/grapple_attatch"
  ],
    "category": "player"
  },
  "grapple_fire": {
    "sounds": [
      "suit/grapple_fire"
  ],
    "category": "player"
  },
  "growl": {
    "sounds": [
      "suit/growl"
  ],
    "category": "player"
  },
  "hiss": {
    "sounds": [
      "suit/hiss"
  ],
    "category": "player"
  },
  "hornet_activate": {
    "sounds": [
      "suit/hornet_activate"
  ],
    "category": "player"
  },
  "hornet_fly_loop": {
    "sounds": [
      "suit/hornet_fly_loop"
  ],
    "category": "player"
  },
  "hornet_fly_loop2": {
    "sounds": [
      "suit/hornet_fly_loop"
  ],
    "category": "player"
  },
  "horse": {
    "sounds": [
      "suit/horse"
  ],
    "category": "player"
  },
  "ice_breathe_stop": {
    "sounds": [
      "suit/ice_breathe_stop"
  ],
    "category": "player"
  },
  "ice_breathe": {
    "sounds": [
      "suit/ice_breathe"
  ],
    "category": "player"
  },
  "inhale": {
    "sounds": [
      "suit/inhale"
  ],
    "category": "player"
  },
  "jackhammer_loop": {
    "sounds": [
      "suit/jackhammer_loop"
  ],
    "category": "player"
  },
  "lasso": {
    "sounds": [
      "suit/lasso"
  ],
    "category": "player"
  },
  "lazer": {
    "sounds": [
      "suit/lazer"
  ],
    "category": "player"
  },
  "magic_beam": {
    "sounds": [
      "suit/magic_beam"
  ],
    "category": "player"
  },
  "magic": {
    "sounds": [
      "suit/magic"
  ],
    "category": "player"
  },
  "man_scream": {
    "sounds": [
      "suit/man_scream"
  ],
    "category": "player"
  },
  "mech_activate": {
    "sounds": [
      "suit/mech_activate"
  ],
    "category": "player"
  },
  "meow": {
    "sounds": [
      "suit/meow"
  ],
    "category": "player"
  },
  "mind_beam_loop": {
    "sounds": [
      "suit/mind_beam_loop"
  ],
    "category": "player"
  },
  "mind_beam": {
    "sounds": [
      "suit/mind_beam"
  ],
    "category": "player"
  },
  "ptero_growl": {
    "sounds": [
      "suit/ptero_growl"
  ],
    "category": "player"
  },
  "purr": {
    "sounds": [
      "suit/purr"
  ],
    "category": "player"
  },
  "raptor": {
    "sounds": [
      "suit/raptor"
  ],
    "category": "player"
  },
  "raven": {
    "sounds": [
      "suit/raven"
  ],
    "category": "player"
  },
  "rock": {
    "sounds": [
      "suit/rock"
  ],
    "category": "player"
  },
  "rocks": {
    "sounds": [
      "suit/rocks"
  ],
    "category": "player"
  },
  "screech_end": {
    "sounds": [
      "suit/screech_end"
  ],
    "category": "player"
  },
  "screech": {
    "sounds": [
      "suit/screech"
  ],
    "category": "player"
  },
  "shield_loop": {
    "sounds": [
      "suit/shield_loop"
  ],
    "category": "player"
  },
  "spino_growl": {
    "sounds": [
      "suit/spino_growl"
  ],
    "category": "player"
  },
  "splash": {
    "sounds": [
      "suit/splash"
  ],
    "category": "player"
  },
  "stego_aim": {
    "sounds": [
      "suit/stego_aims"
  ],
    "category": "player"
  },
  "swish": {
    "sounds": [
      "suit/swish"
  ],
    "category": "player"
  },
  "tail_swing": {
    "sounds": [
      "suit/tail_swing"
  ],
    "category": "player"
  },
  "thunder": {
    "sounds": [
      "suit/thunder"
  ],
    "category": "player"
  },
  "thunder2": {
    "sounds": [
      "suit/thunder2"
  ],
    "category": "player"
  },
  "thunderclap": {
    "sounds": [
      "suit/thunderclap"
  ],
    "category": "player"
  },
  "torren_activate": {
    "sounds": [
      "suit/torren_activate"
  ],
    "category": "player"
  },
  "troodon": {
    "sounds": [
      "suit/troodon"
  ],
    "category": "player"
  },
  "underwater": {
    "sounds": [
      "suit/underwater"
  ],
    "category": "player"
  },
  "unfreeze": {
    "sounds": [
      "suit/ice_breathe"
  ],
    "category": "player"
  },
  "water_beam_loop": {
    "sounds": [
      "suit/water_beam_loop"
  ],
    "category": "player"
  },
  "water_cannon_loop": {
    "sounds": [
      "suit/water_cannon_loop"
  ],
    "category": "player"
  },
  "water_start": {
    "sounds": [
      "suit/water_start"
  ],
    "category": "player"
  },
  "water": {
    "sounds": [
      "suit/water"
  ],
    "category": "player"
  },
  "waves": {
    "sounds": [
      "suit/waves"
  ],
    "category": "player"
  },
  "whoosh": {
    "sounds": [
      "suit/whoosh"
  ],
    "category": "player"
  },
  "whip": {
    "sounds": [
      "suit/whip"
  ],
    "category": "player"
  },
  "wing_flight_loop": {
    "sounds": [
      "suit/wing_flight_loop"
  ],
    "category": "player"
  },
  "wing_flight_start": {
    "sounds": [
      "suit/wing_flight_start"
  ],
    "category": "player"
  },
  "wingflap_start": {
    "sounds": [
      "suit/wingflap_start"
  ],
    "category": "player"
  },
  "wingflap": {
    "sounds": [
      "suit/wingflap"
  ],
    "category": "player"
  }
}