{
  "beam.loop": {
    "sounds": [
      "suit/beam_loop"
  ],
    "category": "player"
  },
  "attack.loop": {
    "sounds": [
      "suit/attack_loop"
  ],
    "category": "player"
  },
  "bat.swarm": {
    "sounds": [
      "suit/bat_swarm"
  ],
    "category": "player"
  },
  "charge.electric": {
    "sounds": [
      "suit/charge_electric"
  ],
    "category": "player"
  },
  "energy.activate": {
    "sounds": [
      "suit/energy_activate"
  ],
    "category": "player"
  },
  "equip.diamond1": {
    "sounds": [
      "suit/equip_diamond1"
  ],
    "category": "player"
  },
  "fire.beam.loop": {
    "sounds": [
      "suit/fire_beam_loop"
  ],
    "category": "player"
  },
  "grapple.attatch": {
    "sounds": [
      "suit/grapple_attatch"
  ],
    "category": "player"
  },
  "grapple.fire": {
    "sounds": [
      "suit/grapple_fire"
  ],
    "category": "player"
  },
  "ice.beam.loop": {
    "sounds": [
      "suit/ice_beam_loop"
  ],
    "category": "player"
  },
  "ice.breathe": {
    "sounds": [
      "suit/ice_breathe"
  ],
    "category": "player"
  },
  "mind.beam.loop": {
    "sounds": [
      "suit/mind_beam_loop"
  ],
    "category": "player"
  }
}